id,region,name,official_url,platform,status,count,count_basis,observed_at,sample_count,sample_basis,reuse,location_limit,activation_gate,evidence,notes
saving-one-life,Phoenix,Saving One Life,https://www.savingonelife.org/adopt/available/,Custom HTML / RescueGroups photos,existing_checked,104,stored listed records; not unique cats or independent live audit,2026-09-27T00:00:59.153Z,10,cached app records; not source-vs-app fidelity verification,existing source-specific adapter,"104 listed links are text fragments, not standalone profiles; city unknown.",Provider-specific review and reliability validation; see provider requirements,server/providers/index.ts; phoenix.json,"104 listed links are text fragments, not standalone profiles; city unknown."
halo,Phoenix,HALO Animal Rescue,https://halorescue.org/cat-adoption/,Petango public widget,existing_checked,34,stored listed records; not unique cats or independent live audit,2026-09-27T00:00:56.837Z,10,cached app records; not source-vs-app fidelity verification,shared existing adapter,Shares parser with Fearless Kitty; org-specific widget identifier.,Provider-specific review and reliability validation; see provider requirements,server/providers/index.ts; phoenix.json,Shares parser with Fearless Kitty; org-specific widget identifier.
friends-for-life,Phoenix,Friends for Life Animal Rescue,https://azfriends.org/adopt/adopt-a-cat/,Animal Shelter Manager public JS,existing_checked,10,stored listed records; not unique cats or independent live audit,2026-09-27T00:00:59.359Z,10,cached app records; not source-vs-app fidelity verification,existing source-specific adapter,Parse structured JS as data; do not execute remote script.,Provider-specific review and reliability validation; see provider requirements,server/providers/index.ts; phoenix.json,Parse structured JS as data; do not execute remote script.
lost-our-home,Phoenix,Lost Our Home Pet Rescue,https://www.lostourhome.org/adopt-a-pet/adopt-a-cat,Custom HTML / Shelterluv photos,existing_checked,24,stored listed records; not unique cats or independent live audit,2026-09-27T00:00:57.158Z,10,cached app records; not source-vs-app fidelity verification,existing source-specific adapter,Shelterluv-hosted photos do not prove generic feed access.,Provider-specific review and reliability validation; see provider requirements,server/providers/index.ts; phoenix.json,Shelterluv-hosted photos do not prove generic feed access.
fearless-kitty,Phoenix,Fearless Kitty Rescue,https://fearlesskittyrescue.org/adoptable/,Petango public widget,existing_checked,63,stored listed records; not unique cats or independent live audit,2026-09-27T00:00:57.314Z,10,cached app records; not source-vs-app fidelity verification,shared existing adapter,Same parser as HALO; current city unknown.,Provider-specific review and reliability validation; see provider requirements,server/providers/index.ts; phoenix.json,Same parser as HALO; current city unknown.
ahs,Phoenix,Arizona Humane Society via Adopt a Pet,https://www.azhumane.org/adopt/,Adopt a Pet organization listings,existing_checked,150,stored listed records; not unique cats or independent live audit,2026-09-27T00:01:04.180Z,10,cached app records; not source-vs-app fidelity verification,shared existing adapter,Three campus selectors; shares Adopt a Pet access dependency.,Provider-specific review and reliability validation; see provider requirements,server/providers/index.ts; phoenix.json,Three campus selectors; shares Adopt a Pet access dependency.
mcacc,Phoenix,Maricopa County Animal Care & Control,https://apps.pets.maricopa.gov/adoptPets/,Custom county HTML,existing_checked,11,stored listed records; not unique cats or independent live audit,2026-09-27T00:01:01.273Z,10,cached app records; not source-vs-app fidelity verification,existing source-specific adapter,Raw breed contains colors/patterns/hair length; city unknown in stored records.,Provider-specific review and reliability validation; see provider requirements,server/providers/index.ts; phoenix.json,Raw breed contains colors/patterns/hair length; city unknown in stored records.
aawl,Phoenix,Arizona Animal Welfare League,https://aawl.org/adopt/cats/,Custom WordPress feed/details,existing_checked,42,stored listed records; not unique cats or independent live audit,2026-09-27T00:01:07.100Z,10,cached app records; not source-vs-app fidelity verification,existing source-specific adapter,Enumeration and detail are separate; current implementation fetches every detail.,Provider-specific review and reliability validation; see provider requirements,server/providers/index.ts; phoenix.json,Enumeration and detail are separate; current implementation fetches every detail.
desert-paws,Phoenix,Desert Paws Rescue,https://desertpawsrescue.org/adopt,Petfinder dependency,existing_not_connected,,unknown; not connected,,0,cached app records; not source-vs-app fidelity verification,unproven,Not connected; app reports Petfinder HTTP 403; no independent retry in this study.,Provider-specific review and reliability validation; see provider requirements,server/providers/index.ts; phoenix.json,Not connected; app reports Petfinder HTTP 403; no independent retry in this study.
kneading-kitty,Phoenix,Kneading Kitty’s Rescue,https://kneadingkittysrescueaz.com/all-list-view-1,RescueGroups public widget,existing_checked,52,stored listed records; not unique cats or independent live audit,2026-09-27T00:00:57.998Z,10,cached app records; not source-vs-app fidelity verification,existing source-specific adapter,Public widget works in existing collector; this is not authenticated v5 API coverage.,Provider-specific review and reliability validation; see provider requirements,server/providers/index.ts; phoenix.json,Public widget works in existing collector; this is not authenticated v5 API coverage.
petfinder,Phoenix,Petfinder,https://www.petfinder.com/,Petfinder aggregator,existing_not_connected,,unknown; not connected,,0,cached app records; not source-vs-app fidelity verification,unproven,"Broad aggregator, not a local organization; access unproven.",Provider-specific review and reliability validation; see provider requirements,server/providers/index.ts; phoenix.json,"Broad aggregator, not a local organization; access unproven."
adopt-a-pet,Phoenix,Adopt a Pet · Phoenix 50 miles,https://www.adoptapet.com/pet-search?speciesId=2&postalCode=85003&radius=50&transport=0&sortOption=Newest&page=1,Adopt a Pet regional HTML,existing_failed,1268,stored listed records; not unique cats or independent live audit,2026-09-26T15:01:00.797Z,10,cached app records; not source-vs-app fidelity verification,shared existing adapter,"Last check failed, prior records retained. Fixed Phoenix radius; not a national connector.",Provider-specific review and reliability validation; see provider requirements,server/providers/index.ts; phoenix.json,"Last check failed, prior records retained. Fixed Phoenix radius; not a national connector."
pacc,Tucson,Pima Animal Care Center,https://www.pima.gov/browse-shelter-cats,24Petconnect,public_sample_verified,30,first-page cards only; total unmeasured,2026-09-27 (retrieval; cached pages have older crawl dates),10,ten profile requests returned animal IDs,new reusable platform adapter,Facility/campus text; holds are not adoption-ready,"Prove pagination, status semantics and allowed operational use",tucson.json,"Prove pagination, status semantics and allowed operational use"
hermitage,Tucson,Hermitage No-Kill Cat Shelter,https://www.hermitagecatshelter.org/adopt/,Shelterluv public widget,public_sample_verified,148,unique Cat records in returned array,2026-09-27 (retrieval; cached pages have older crawl dates),10,ten published details with structured animal records,shared new adapter with Homeward Bound,Room/campus labels are not coordinates,"Validate public interface stability, source requirements and completeness before activation",tucson.json,"Validate public interface stability, source requirements and completeness before activation"
hssa,Tucson,Humane Society of Southern Arizona,https://hssaz.org/adoptions/available-pets/,Adopt a Pet redirect observed through web cache,access_limited,,unknown,2026-09-27 (retrieval; cached pages have older crawl dates),0,challenge in direct request; cached redirect only,existing family technically relevant; access unresolved,Organization address not individual placement,Resolve feed/access; no cached counts used,tucson.json,Resolve feed/access; no cached counts used
sacr,Tucson,Southern Arizona Cat Rescue,https://sacatrescue.org/available-kittens%2Fcats,Petstablished / Wagtopia widget,widget_identified,,unknown,2026-09-27 (retrieval; cached pages have older crawl dates),0,"official iframe observed; returned SPA shell, no animal payload verified",new platform adapter candidate,Foster placement not established,Inspect supported public widget data and exact links,tucson.json,Inspect supported public widget data and exact links
hope,Tucson,HOPE Animal Shelter,https://www.hopeanimalshelter.net/adoptable-animals,Petfinder organization AZ236,access_limited,,unknown,2026-09-27 (retrieval; cached pages have older crawl dates),0,official link found; feed request Access Denied,Petfinder dependency,Shelterluv application link is not inventory proof,Resolve inventory access; do not infer application feed,tucson.json,Resolve inventory access; do not infer application feed
taf,Las Vegas,The Animal Foundation,https://animalfoundation.com/what-we-do/adoption/adopt-a-pet/,Custom WordPress elevation directory,partial_sample_rate_limited,260,cat-filter response reported total; only 12 cards fetched,2026-09-27 (retrieval; cached pages have older crawl dates),10,seven detail identities retrieved; three HTTP 429,custom adapter; generic pagination logic reusable,Found address differs from placement; stray intake/hold requires interpretation,"Validate eligibility, paginate under host pacing; stop/retry later on 429",las-vegas.json,"Validate eligibility, paginate under host pacing; stop/retry later on 429"
homeward,Las Vegas,Homeward Bound Cat Adoptions,https://www.homewardboundcats.org/adopt/,Shelterluv public widget,public_sample_verified,70,unique Cat records in returned array,2026-09-27 (retrieval; cached pages have older crawl dates),10,ten published details with structured animal records,shared new adapter with Hermitage,"Stand Alone, Black is a placement label, not a city","Validate public interface stability, source requirements and completeness before activation",las-vegas.json,"Validate public interface stability, source requirements and completeness before activation"
henderson,Las Vegas,Henderson Animal Protection Services,https://www.cityofhenderson.com/government/departments/community-development-and-services/animal-protection-services/pets-available-for-adoption,Unresolved,access_limited,,unknown,2026-09-27 (retrieval; cached pages have older crawl dates),0,official page direct/web access failed; search indexed official page,unproven,Facility address cannot establish every cat location,Inspect public page interactively or obtain supported feed information,las-vegas.json,Inspect public page interactively or obtain supported feed information
nspca,Las Vegas,Nevada SPCA,https://nevadaspca.org/adopt/adoptable-pets/,WordPress public profiles; Shelterluv images,cached_profiles_only,,51 all-species cached results not a cat count,2026-09-27 (retrieval; cached pages have older crawl dates),10,"four cached profiles accessible, six unsuccessful in web tool",custom wrapper or public widget still to identify,Office Foster does not specify distance,Get live inventory enumeration; do not invent links from names,las-vegas.json,Get live inventory enumeration; do not invent links from names
hav,Las Vegas,Hearts Alive Village,https://heartsalivevillage.org/adopt/adoptable-cats/,Unresolved embedded inventory,access_limited,,unknown,2026-09-27 (retrieval; cached pages have older crawl dates),0,"direct HTTP 403; official indexed page confirms adoption program, no inventory payload",unproven,Multiple adoption locations and foster placements,Identify public feed; org confirmation is not connector completion,las-vegas.json,Identify public feed; org confirmation is not connector completion
